{
  "iou_thr": 0.5,
  "conf_thr": 0.01,
  "tp": 73267,
  "fp": 4061795,
  "fn": 48246,
  "precision": 0.01771847677253262,
  "recall": 0.6029560623093583,
  "f1": 0.03442527476010792
}